<?xml version="1.0" encoding="UTF-8"?>
<!DOCTYPE generatorConfiguration
        PUBLIC "-//mybatis.org//DTD MyBatis Generator Configuration 1.0//EN"
        "http://mybatis.org/dtd/mybatis-generator-config_1_0.dtd">

<generatorConfiguration>

<!--
    <properties resource="jdbc.properties"/>
-->
		<classPathEntry location="mysql-connector-java-5.1.46.jar"/>
    <context id="example" targetRuntime="MyBatis3">

        <plugin type="org.mybatis.generator.plugins.RowBoundsPlugin"/>

        <commentGenerator>
            <property name="suppressAllComments" value="true"/>
            <property name="suppressDate" value="true"/>
        </commentGenerator>

        <jdbcConnection driverClass="com.mysql.jdbc.Driver"
                        connectionURL="jdbc:mysql://10.103.128.246:5100/xinpeng.guo_place_c_waimai?charset=utf8mb4"
                        userId="xinpeng.guo"
                        password="guoxinpeng"/>

        <javaTypeResolver>
            <property name="forceBigDecimals" value="false"/>
        </javaTypeResolver>

        <javaModelGenerator targetPackage="me.ele.star.bigfish.orm.entity" targetProject="src/main/java">
            <property name="enableSubPackages" value="false"/>
            <property name="trimStrings" value="true"/>
        </javaModelGenerator>

        <sqlMapGenerator targetPackage="me.ele.star.bigfish.orm.mapper" targetProject="src/main/java">
            <property name="enableSubPackages" value="true"/>
        </sqlMapGenerator>

        <javaClientGenerator type="XMLMAPPER" targetPackage="me.ele.star.bigfish.orm.mapper" targetProject="src/main/java">
            <property name="enableSubPackages" value="false"/>
        </javaClientGenerator>

        <!--<table tableName="vcode" domainObjectName="Vcode">-->
        <!--<generatedKey column="id" sqlStatement="MySql" identity="true"/>-->
        <!--</table>-->

        <table tableName="operation_city" domainObjectName="OperationCity">
            <generatedKey column="id" sqlStatement="MySql" identity="true"/>
        </table>

    </context>
</generatorConfiguration>
